cleaned_text,lemma_text,stopword_free_text,tf_idf_vector
Tokenization crucial step natural language processing Different tokenization method include whitespace punctuationbased Treebank Tweet MWE NLTK library provides useful tool text processing task Stemming reduces word base form eg running becomes run Porter stemmer snowball stemmer popular stemming algorithm Lemmatization hand considers context meaning word NLProc awesome NLP conference Looking forward ACL summer JohnDoe present Transformers,Tokenization crucial step natural language processing Different tokenization method include whitespace punctuationbased Treebank Tweet MWE NLTK library provides useful tool text processing task Stemming reduces word base form eg running becomes run Porter stemmer snowball stemmer popular stemming algorithm Lemmatization hand considers context meaning word NLProc awesome NLP conference Looking forward ACL summer JohnDoe present Transformers,Tokenization crucial step natural language processing Different tokenization method include whitespace punctuationbased Treebank Tweet MWE NLTK library provides useful tool text processing task Stemming reduces word base form eg running becomes run Porter stemmer snowball stemmer popular stemming algorithm Lemmatization hand considers context meaning word NLProc awesome NLP conference Looking forward ACL summer JohnDoe present Transformers,0.12309149097933272
Tokenization crucial step natural language processing Different tokenization method include whitespace punctuationbased Treebank Tweet MWE NLTK library provides useful tool text processing task Stemming reduces word base form eg running becomes run Porter stemmer snowball stemmer popular stemming algorithm Lemmatization hand considers context meaning word NLProc awesome NLP conference Looking forward ACL summer JohnDoe present Transformers,Tokenization crucial step natural language processing Different tokenization method include whitespace punctuationbased Treebank Tweet MWE NLTK library provides useful tool text processing task Stemming reduces word base form eg running becomes run Porter stemmer snowball stemmer popular stemming algorithm Lemmatization hand considers context meaning word NLProc awesome NLP conference Looking forward ACL summer JohnDoe present Transformers,Tokenization crucial step natural language processing Different tokenization method include whitespace punctuationbased Treebank Tweet MWE NLTK library provides useful tool text processing task Stemming reduces word base form eg running becomes run Porter stemmer snowball stemmer popular stemming algorithm Lemmatization hand considers context meaning word NLProc awesome NLP conference Looking forward ACL summer JohnDoe present Transformers,0.12309149097933272
Tokenization crucial step natural language processing Different tokenization method include whitespace punctuationbased Treebank Tweet MWE NLTK library provides useful tool text processing task Stemming reduces word base form eg running becomes run Porter stemmer snowball stemmer popular stemming algorithm Lemmatization hand considers context meaning word NLProc awesome NLP conference Looking forward ACL summer JohnDoe present Transformers,Tokenization crucial step natural language processing Different tokenization method include whitespace punctuationbased Treebank Tweet MWE NLTK library provides useful tool text processing task Stemming reduces word base form eg running becomes run Porter stemmer snowball stemmer popular stemming algorithm Lemmatization hand considers context meaning word NLProc awesome NLP conference Looking forward ACL summer JohnDoe present Transformers,Tokenization crucial step natural language processing Different tokenization method include whitespace punctuationbased Treebank Tweet MWE NLTK library provides useful tool text processing task Stemming reduces word base form eg running becomes run Porter stemmer snowball stemmer popular stemming algorithm Lemmatization hand considers context meaning word NLProc awesome NLP conference Looking forward ACL summer JohnDoe present Transformers,0.12309149097933272
Tokenization crucial step natural language processing Different tokenization method include whitespace punctuationbased Treebank Tweet MWE NLTK library provides useful tool text processing task Stemming reduces word base form eg running becomes run Porter stemmer snowball stemmer popular stemming algorithm Lemmatization hand considers context meaning word NLProc awesome NLP conference Looking forward ACL summer JohnDoe present Transformers,Tokenization crucial step natural language processing Different tokenization method include whitespace punctuationbased Treebank Tweet MWE NLTK library provides useful tool text processing task Stemming reduces word base form eg running becomes run Porter stemmer snowball stemmer popular stemming algorithm Lemmatization hand considers context meaning word NLProc awesome NLP conference Looking forward ACL summer JohnDoe present Transformers,Tokenization crucial step natural language processing Different tokenization method include whitespace punctuationbased Treebank Tweet MWE NLTK library provides useful tool text processing task Stemming reduces word base form eg running becomes run Porter stemmer snowball stemmer popular stemming algorithm Lemmatization hand considers context meaning word NLProc awesome NLP conference Looking forward ACL summer JohnDoe present Transformers,0.12309149097933272
Tokenization crucial step natural language processing Different tokenization method include whitespace punctuationbased Treebank Tweet MWE NLTK library provides useful tool text processing task Stemming reduces word base form eg running becomes run Porter stemmer snowball stemmer popular stemming algorithm Lemmatization hand considers context meaning word NLProc awesome NLP conference Looking forward ACL summer JohnDoe present Transformers,Tokenization crucial step natural language processing Different tokenization method include whitespace punctuationbased Treebank Tweet MWE NLTK library provides useful tool text processing task Stemming reduces word base form eg running becomes run Porter stemmer snowball stemmer popular stemming algorithm Lemmatization hand considers context meaning word NLProc awesome NLP conference Looking forward ACL summer JohnDoe present Transformers,Tokenization crucial step natural language processing Different tokenization method include whitespace punctuationbased Treebank Tweet MWE NLTK library provides useful tool text processing task Stemming reduces word base form eg running becomes run Porter stemmer snowball stemmer popular stemming algorithm Lemmatization hand considers context meaning word NLProc awesome NLP conference Looking forward ACL summer JohnDoe present Transformers,0.12309149097933272
Tokenization crucial step natural language processing Different tokenization method include whitespace punctuationbased Treebank Tweet MWE NLTK library provides useful tool text processing task Stemming reduces word base form eg running becomes run Porter stemmer snowball stemmer popular stemming algorithm Lemmatization hand considers context meaning word NLProc awesome NLP conference Looking forward ACL summer JohnDoe present Transformers,Tokenization crucial step natural language processing Different tokenization method include whitespace punctuationbased Treebank Tweet MWE NLTK library provides useful tool text processing task Stemming reduces word base form eg running becomes run Porter stemmer snowball stemmer popular stemming algorithm Lemmatization hand considers context meaning word NLProc awesome NLP conference Looking forward ACL summer JohnDoe present Transformers,Tokenization crucial step natural language processing Different tokenization method include whitespace punctuationbased Treebank Tweet MWE NLTK library provides useful tool text processing task Stemming reduces word base form eg running becomes run Porter stemmer snowball stemmer popular stemming algorithm Lemmatization hand considers context meaning word NLProc awesome NLP conference Looking forward ACL summer JohnDoe present Transformers,0.12309149097933272
Tokenization crucial step natural language processing Different tokenization method include whitespace punctuationbased Treebank Tweet MWE NLTK library provides useful tool text processing task Stemming reduces word base form eg running becomes run Porter stemmer snowball stemmer popular stemming algorithm Lemmatization hand considers context meaning word NLProc awesome NLP conference Looking forward ACL summer JohnDoe present Transformers,Tokenization crucial step natural language processing Different tokenization method include whitespace punctuationbased Treebank Tweet MWE NLTK library provides useful tool text processing task Stemming reduces word base form eg running becomes run Porter stemmer snowball stemmer popular stemming algorithm Lemmatization hand considers context meaning word NLProc awesome NLP conference Looking forward ACL summer JohnDoe present Transformers,Tokenization crucial step natural language processing Different tokenization method include whitespace punctuationbased Treebank Tweet MWE NLTK library provides useful tool text processing task Stemming reduces word base form eg running becomes run Porter stemmer snowball stemmer popular stemming algorithm Lemmatization hand considers context meaning word NLProc awesome NLP conference Looking forward ACL summer JohnDoe present Transformers,0.12309149097933272
Tokenization crucial step natural language processing Different tokenization method include whitespace punctuationbased Treebank Tweet MWE NLTK library provides useful tool text processing task Stemming reduces word base form eg running becomes run Porter stemmer snowball stemmer popular stemming algorithm Lemmatization hand considers context meaning word NLProc awesome NLP conference Looking forward ACL summer JohnDoe present Transformers,Tokenization crucial step natural language processing Different tokenization method include whitespace punctuationbased Treebank Tweet MWE NLTK library provides useful tool text processing task Stemming reduces word base form eg running becomes run Porter stemmer snowball stemmer popular stemming algorithm Lemmatization hand considers context meaning word NLProc awesome NLP conference Looking forward ACL summer JohnDoe present Transformers,Tokenization crucial step natural language processing Different tokenization method include whitespace punctuationbased Treebank Tweet MWE NLTK library provides useful tool text processing task Stemming reduces word base form eg running becomes run Porter stemmer snowball stemmer popular stemming algorithm Lemmatization hand considers context meaning word NLProc awesome NLP conference Looking forward ACL summer JohnDoe present Transformers,0.12309149097933272
Tokenization crucial step natural language processing Different tokenization method include whitespace punctuationbased Treebank Tweet MWE NLTK library provides useful tool text processing task Stemming reduces word base form eg running becomes run Porter stemmer snowball stemmer popular stemming algorithm Lemmatization hand considers context meaning word NLProc awesome NLP conference Looking forward ACL summer JohnDoe present Transformers,Tokenization crucial step natural language processing Different tokenization method include whitespace punctuationbased Treebank Tweet MWE NLTK library provides useful tool text processing task Stemming reduces word base form eg running becomes run Porter stemmer snowball stemmer popular stemming algorithm Lemmatization hand considers context meaning word NLProc awesome NLP conference Looking forward ACL summer JohnDoe present Transformers,Tokenization crucial step natural language processing Different tokenization method include whitespace punctuationbased Treebank Tweet MWE NLTK library provides useful tool text processing task Stemming reduces word base form eg running becomes run Porter stemmer snowball stemmer popular stemming algorithm Lemmatization hand considers context meaning word NLProc awesome NLP conference Looking forward ACL summer JohnDoe present Transformers,0.12309149097933272
Tokenization crucial step natural language processing Different tokenization method include whitespace punctuationbased Treebank Tweet MWE NLTK library provides useful tool text processing task Stemming reduces word base form eg running becomes run Porter stemmer snowball stemmer popular stemming algorithm Lemmatization hand considers context meaning word NLProc awesome NLP conference Looking forward ACL summer JohnDoe present Transformers,Tokenization crucial step natural language processing Different tokenization method include whitespace punctuationbased Treebank Tweet MWE NLTK library provides useful tool text processing task Stemming reduces word base form eg running becomes run Porter stemmer snowball stemmer popular stemming algorithm Lemmatization hand considers context meaning word NLProc awesome NLP conference Looking forward ACL summer JohnDoe present Transformers,Tokenization crucial step natural language processing Different tokenization method include whitespace punctuationbased Treebank Tweet MWE NLTK library provides useful tool text processing task Stemming reduces word base form eg running becomes run Porter stemmer snowball stemmer popular stemming algorithm Lemmatization hand considers context meaning word NLProc awesome NLP conference Looking forward ACL summer JohnDoe present Transformers,0.12309149097933272
Tokenization crucial step natural language processing Different tokenization method include whitespace punctuationbased Treebank Tweet MWE NLTK library provides useful tool text processing task Stemming reduces word base form eg running becomes run Porter stemmer snowball stemmer popular stemming algorithm Lemmatization hand considers context meaning word NLProc awesome NLP conference Looking forward ACL summer JohnDoe present Transformers,Tokenization crucial step natural language processing Different tokenization method include whitespace punctuationbased Treebank Tweet MWE NLTK library provides useful tool text processing task Stemming reduces word base form eg running becomes run Porter stemmer snowball stemmer popular stemming algorithm Lemmatization hand considers context meaning word NLProc awesome NLP conference Looking forward ACL summer JohnDoe present Transformers,Tokenization crucial step natural language processing Different tokenization method include whitespace punctuationbased Treebank Tweet MWE NLTK library provides useful tool text processing task Stemming reduces word base form eg running becomes run Porter stemmer snowball stemmer popular stemming algorithm Lemmatization hand considers context meaning word NLProc awesome NLP conference Looking forward ACL summer JohnDoe present Transformers,0.12309149097933272
Tokenization crucial step natural language processing Different tokenization method include whitespace punctuationbased Treebank Tweet MWE NLTK library provides useful tool text processing task Stemming reduces word base form eg running becomes run Porter stemmer snowball stemmer popular stemming algorithm Lemmatization hand considers context meaning word NLProc awesome NLP conference Looking forward ACL summer JohnDoe present Transformers,Tokenization crucial step natural language processing Different tokenization method include whitespace punctuationbased Treebank Tweet MWE NLTK library provides useful tool text processing task Stemming reduces word base form eg running becomes run Porter stemmer snowball stemmer popular stemming algorithm Lemmatization hand considers context meaning word NLProc awesome NLP conference Looking forward ACL summer JohnDoe present Transformers,Tokenization crucial step natural language processing Different tokenization method include whitespace punctuationbased Treebank Tweet MWE NLTK library provides useful tool text processing task Stemming reduces word base form eg running becomes run Porter stemmer snowball stemmer popular stemming algorithm Lemmatization hand considers context meaning word NLProc awesome NLP conference Looking forward ACL summer JohnDoe present Transformers,0.12309149097933272
Tokenization crucial step natural language processing Different tokenization method include whitespace punctuationbased Treebank Tweet MWE NLTK library provides useful tool text processing task Stemming reduces word base form eg running becomes run Porter stemmer snowball stemmer popular stemming algorithm Lemmatization hand considers context meaning word NLProc awesome NLP conference Looking forward ACL summer JohnDoe present Transformers,Tokenization crucial step natural language processing Different tokenization method include whitespace punctuationbased Treebank Tweet MWE NLTK library provides useful tool text processing task Stemming reduces word base form eg running becomes run Porter stemmer snowball stemmer popular stemming algorithm Lemmatization hand considers context meaning word NLProc awesome NLP conference Looking forward ACL summer JohnDoe present Transformers,Tokenization crucial step natural language processing Different tokenization method include whitespace punctuationbased Treebank Tweet MWE NLTK library provides useful tool text processing task Stemming reduces word base form eg running becomes run Porter stemmer snowball stemmer popular stemming algorithm Lemmatization hand considers context meaning word NLProc awesome NLP conference Looking forward ACL summer JohnDoe present Transformers,0.12309149097933272
Tokenization crucial step natural language processing Different tokenization method include whitespace punctuationbased Treebank Tweet MWE NLTK library provides useful tool text processing task Stemming reduces word base form eg running becomes run Porter stemmer snowball stemmer popular stemming algorithm Lemmatization hand considers context meaning word NLProc awesome NLP conference Looking forward ACL summer JohnDoe present Transformers,Tokenization crucial step natural language processing Different tokenization method include whitespace punctuationbased Treebank Tweet MWE NLTK library provides useful tool text processing task Stemming reduces word base form eg running becomes run Porter stemmer snowball stemmer popular stemming algorithm Lemmatization hand considers context meaning word NLProc awesome NLP conference Looking forward ACL summer JohnDoe present Transformers,Tokenization crucial step natural language processing Different tokenization method include whitespace punctuationbased Treebank Tweet MWE NLTK library provides useful tool text processing task Stemming reduces word base form eg running becomes run Porter stemmer snowball stemmer popular stemming algorithm Lemmatization hand considers context meaning word NLProc awesome NLP conference Looking forward ACL summer JohnDoe present Transformers,0.12309149097933272
Tokenization crucial step natural language processing Different tokenization method include whitespace punctuationbased Treebank Tweet MWE NLTK library provides useful tool text processing task Stemming reduces word base form eg running becomes run Porter stemmer snowball stemmer popular stemming algorithm Lemmatization hand considers context meaning word NLProc awesome NLP conference Looking forward ACL summer JohnDoe present Transformers,Tokenization crucial step natural language processing Different tokenization method include whitespace punctuationbased Treebank Tweet MWE NLTK library provides useful tool text processing task Stemming reduces word base form eg running becomes run Porter stemmer snowball stemmer popular stemming algorithm Lemmatization hand considers context meaning word NLProc awesome NLP conference Looking forward ACL summer JohnDoe present Transformers,Tokenization crucial step natural language processing Different tokenization method include whitespace punctuationbased Treebank Tweet MWE NLTK library provides useful tool text processing task Stemming reduces word base form eg running becomes run Porter stemmer snowball stemmer popular stemming algorithm Lemmatization hand considers context meaning word NLProc awesome NLP conference Looking forward ACL summer JohnDoe present Transformers,0.12309149097933272
Tokenization crucial step natural language processing Different tokenization method include whitespace punctuationbased Treebank Tweet MWE NLTK library provides useful tool text processing task Stemming reduces word base form eg running becomes run Porter stemmer snowball stemmer popular stemming algorithm Lemmatization hand considers context meaning word NLProc awesome NLP conference Looking forward ACL summer JohnDoe present Transformers,Tokenization crucial step natural language processing Different tokenization method include whitespace punctuationbased Treebank Tweet MWE NLTK library provides useful tool text processing task Stemming reduces word base form eg running becomes run Porter stemmer snowball stemmer popular stemming algorithm Lemmatization hand considers context meaning word NLProc awesome NLP conference Looking forward ACL summer JohnDoe present Transformers,Tokenization crucial step natural language processing Different tokenization method include whitespace punctuationbased Treebank Tweet MWE NLTK library provides useful tool text processing task Stemming reduces word base form eg running becomes run Porter stemmer snowball stemmer popular stemming algorithm Lemmatization hand considers context meaning word NLProc awesome NLP conference Looking forward ACL summer JohnDoe present Transformers,0.12309149097933272
Tokenization crucial step natural language processing Different tokenization method include whitespace punctuationbased Treebank Tweet MWE NLTK library provides useful tool text processing task Stemming reduces word base form eg running becomes run Porter stemmer snowball stemmer popular stemming algorithm Lemmatization hand considers context meaning word NLProc awesome NLP conference Looking forward ACL summer JohnDoe present Transformers,Tokenization crucial step natural language processing Different tokenization method include whitespace punctuationbased Treebank Tweet MWE NLTK library provides useful tool text processing task Stemming reduces word base form eg running becomes run Porter stemmer snowball stemmer popular stemming algorithm Lemmatization hand considers context meaning word NLProc awesome NLP conference Looking forward ACL summer JohnDoe present Transformers,Tokenization crucial step natural language processing Different tokenization method include whitespace punctuationbased Treebank Tweet MWE NLTK library provides useful tool text processing task Stemming reduces word base form eg running becomes run Porter stemmer snowball stemmer popular stemming algorithm Lemmatization hand considers context meaning word NLProc awesome NLP conference Looking forward ACL summer JohnDoe present Transformers,0.12309149097933272
Tokenization crucial step natural language processing Different tokenization method include whitespace punctuationbased Treebank Tweet MWE NLTK library provides useful tool text processing task Stemming reduces word base form eg running becomes run Porter stemmer snowball stemmer popular stemming algorithm Lemmatization hand considers context meaning word NLProc awesome NLP conference Looking forward ACL summer JohnDoe present Transformers,Tokenization crucial step natural language processing Different tokenization method include whitespace punctuationbased Treebank Tweet MWE NLTK library provides useful tool text processing task Stemming reduces word base form eg running becomes run Porter stemmer snowball stemmer popular stemming algorithm Lemmatization hand considers context meaning word NLProc awesome NLP conference Looking forward ACL summer JohnDoe present Transformers,Tokenization crucial step natural language processing Different tokenization method include whitespace punctuationbased Treebank Tweet MWE NLTK library provides useful tool text processing task Stemming reduces word base form eg running becomes run Porter stemmer snowball stemmer popular stemming algorithm Lemmatization hand considers context meaning word NLProc awesome NLP conference Looking forward ACL summer JohnDoe present Transformers,0.12309149097933272
Tokenization crucial step natural language processing Different tokenization method include whitespace punctuationbased Treebank Tweet MWE NLTK library provides useful tool text processing task Stemming reduces word base form eg running becomes run Porter stemmer snowball stemmer popular stemming algorithm Lemmatization hand considers context meaning word NLProc awesome NLP conference Looking forward ACL summer JohnDoe present Transformers,Tokenization crucial step natural language processing Different tokenization method include whitespace punctuationbased Treebank Tweet MWE NLTK library provides useful tool text processing task Stemming reduces word base form eg running becomes run Porter stemmer snowball stemmer popular stemming algorithm Lemmatization hand considers context meaning word NLProc awesome NLP conference Looking forward ACL summer JohnDoe present Transformers,Tokenization crucial step natural language processing Different tokenization method include whitespace punctuationbased Treebank Tweet MWE NLTK library provides useful tool text processing task Stemming reduces word base form eg running becomes run Porter stemmer snowball stemmer popular stemming algorithm Lemmatization hand considers context meaning word NLProc awesome NLP conference Looking forward ACL summer JohnDoe present Transformers,0.12309149097933272
Tokenization crucial step natural language processing Different tokenization method include whitespace punctuationbased Treebank Tweet MWE NLTK library provides useful tool text processing task Stemming reduces word base form eg running becomes run Porter stemmer snowball stemmer popular stemming algorithm Lemmatization hand considers context meaning word NLProc awesome NLP conference Looking forward ACL summer JohnDoe present Transformers,Tokenization crucial step natural language processing Different tokenization method include whitespace punctuationbased Treebank Tweet MWE NLTK library provides useful tool text processing task Stemming reduces word base form eg running becomes run Porter stemmer snowball stemmer popular stemming algorithm Lemmatization hand considers context meaning word NLProc awesome NLP conference Looking forward ACL summer JohnDoe present Transformers,Tokenization crucial step natural language processing Different tokenization method include whitespace punctuationbased Treebank Tweet MWE NLTK library provides useful tool text processing task Stemming reduces word base form eg running becomes run Porter stemmer snowball stemmer popular stemming algorithm Lemmatization hand considers context meaning word NLProc awesome NLP conference Looking forward ACL summer JohnDoe present Transformers,0.12309149097933272
Tokenization crucial step natural language processing Different tokenization method include whitespace punctuationbased Treebank Tweet MWE NLTK library provides useful tool text processing task Stemming reduces word base form eg running becomes run Porter stemmer snowball stemmer popular stemming algorithm Lemmatization hand considers context meaning word NLProc awesome NLP conference Looking forward ACL summer JohnDoe present Transformers,Tokenization crucial step natural language processing Different tokenization method include whitespace punctuationbased Treebank Tweet MWE NLTK library provides useful tool text processing task Stemming reduces word base form eg running becomes run Porter stemmer snowball stemmer popular stemming algorithm Lemmatization hand considers context meaning word NLProc awesome NLP conference Looking forward ACL summer JohnDoe present Transformers,Tokenization crucial step natural language processing Different tokenization method include whitespace punctuationbased Treebank Tweet MWE NLTK library provides useful tool text processing task Stemming reduces word base form eg running becomes run Porter stemmer snowball stemmer popular stemming algorithm Lemmatization hand considers context meaning word NLProc awesome NLP conference Looking forward ACL summer JohnDoe present Transformers,0.12309149097933272
Tokenization crucial step natural language processing Different tokenization method include whitespace punctuationbased Treebank Tweet MWE NLTK library provides useful tool text processing task Stemming reduces word base form eg running becomes run Porter stemmer snowball stemmer popular stemming algorithm Lemmatization hand considers context meaning word NLProc awesome NLP conference Looking forward ACL summer JohnDoe present Transformers,Tokenization crucial step natural language processing Different tokenization method include whitespace punctuationbased Treebank Tweet MWE NLTK library provides useful tool text processing task Stemming reduces word base form eg running becomes run Porter stemmer snowball stemmer popular stemming algorithm Lemmatization hand considers context meaning word NLProc awesome NLP conference Looking forward ACL summer JohnDoe present Transformers,Tokenization crucial step natural language processing Different tokenization method include whitespace punctuationbased Treebank Tweet MWE NLTK library provides useful tool text processing task Stemming reduces word base form eg running becomes run Porter stemmer snowball stemmer popular stemming algorithm Lemmatization hand considers context meaning word NLProc awesome NLP conference Looking forward ACL summer JohnDoe present Transformers,0.12309149097933272
Tokenization crucial step natural language processing Different tokenization method include whitespace punctuationbased Treebank Tweet MWE NLTK library provides useful tool text processing task Stemming reduces word base form eg running becomes run Porter stemmer snowball stemmer popular stemming algorithm Lemmatization hand considers context meaning word NLProc awesome NLP conference Looking forward ACL summer JohnDoe present Transformers,Tokenization crucial step natural language processing Different tokenization method include whitespace punctuationbased Treebank Tweet MWE NLTK library provides useful tool text processing task Stemming reduces word base form eg running becomes run Porter stemmer snowball stemmer popular stemming algorithm Lemmatization hand considers context meaning word NLProc awesome NLP conference Looking forward ACL summer JohnDoe present Transformers,Tokenization crucial step natural language processing Different tokenization method include whitespace punctuationbased Treebank Tweet MWE NLTK library provides useful tool text processing task Stemming reduces word base form eg running becomes run Porter stemmer snowball stemmer popular stemming algorithm Lemmatization hand considers context meaning word NLProc awesome NLP conference Looking forward ACL summer JohnDoe present Transformers,0.12309149097933272
Tokenization crucial step natural language processing Different tokenization method include whitespace punctuationbased Treebank Tweet MWE NLTK library provides useful tool text processing task Stemming reduces word base form eg running becomes run Porter stemmer snowball stemmer popular stemming algorithm Lemmatization hand considers context meaning word NLProc awesome NLP conference Looking forward ACL summer JohnDoe present Transformers,Tokenization crucial step natural language processing Different tokenization method include whitespace punctuationbased Treebank Tweet MWE NLTK library provides useful tool text processing task Stemming reduces word base form eg running becomes run Porter stemmer snowball stemmer popular stemming algorithm Lemmatization hand considers context meaning word NLProc awesome NLP conference Looking forward ACL summer JohnDoe present Transformers,Tokenization crucial step natural language processing Different tokenization method include whitespace punctuationbased Treebank Tweet MWE NLTK library provides useful tool text processing task Stemming reduces word base form eg running becomes run Porter stemmer snowball stemmer popular stemming algorithm Lemmatization hand considers context meaning word NLProc awesome NLP conference Looking forward ACL summer JohnDoe present Transformers,0.12309149097933272
Tokenization crucial step natural language processing Different tokenization method include whitespace punctuationbased Treebank Tweet MWE NLTK library provides useful tool text processing task Stemming reduces word base form eg running becomes run Porter stemmer snowball stemmer popular stemming algorithm Lemmatization hand considers context meaning word NLProc awesome NLP conference Looking forward ACL summer JohnDoe present Transformers,Tokenization crucial step natural language processing Different tokenization method include whitespace punctuationbased Treebank Tweet MWE NLTK library provides useful tool text processing task Stemming reduces word base form eg running becomes run Porter stemmer snowball stemmer popular stemming algorithm Lemmatization hand considers context meaning word NLProc awesome NLP conference Looking forward ACL summer JohnDoe present Transformers,Tokenization crucial step natural language processing Different tokenization method include whitespace punctuationbased Treebank Tweet MWE NLTK library provides useful tool text processing task Stemming reduces word base form eg running becomes run Porter stemmer snowball stemmer popular stemming algorithm Lemmatization hand considers context meaning word NLProc awesome NLP conference Looking forward ACL summer JohnDoe present Transformers,0.12309149097933272
Tokenization crucial step natural language processing Different tokenization method include whitespace punctuationbased Treebank Tweet MWE NLTK library provides useful tool text processing task Stemming reduces word base form eg running becomes run Porter stemmer snowball stemmer popular stemming algorithm Lemmatization hand considers context meaning word NLProc awesome NLP conference Looking forward ACL summer JohnDoe present Transformers,Tokenization crucial step natural language processing Different tokenization method include whitespace punctuationbased Treebank Tweet MWE NLTK library provides useful tool text processing task Stemming reduces word base form eg running becomes run Porter stemmer snowball stemmer popular stemming algorithm Lemmatization hand considers context meaning word NLProc awesome NLP conference Looking forward ACL summer JohnDoe present Transformers,Tokenization crucial step natural language processing Different tokenization method include whitespace punctuationbased Treebank Tweet MWE NLTK library provides useful tool text processing task Stemming reduces word base form eg running becomes run Porter stemmer snowball stemmer popular stemming algorithm Lemmatization hand considers context meaning word NLProc awesome NLP conference Looking forward ACL summer JohnDoe present Transformers,0.12309149097933272
Tokenization crucial step natural language processing Different tokenization method include whitespace punctuationbased Treebank Tweet MWE NLTK library provides useful tool text processing task Stemming reduces word base form eg running becomes run Porter stemmer snowball stemmer popular stemming algorithm Lemmatization hand considers context meaning word NLProc awesome NLP conference Looking forward ACL summer JohnDoe present Transformers,Tokenization crucial step natural language processing Different tokenization method include whitespace punctuationbased Treebank Tweet MWE NLTK library provides useful tool text processing task Stemming reduces word base form eg running becomes run Porter stemmer snowball stemmer popular stemming algorithm Lemmatization hand considers context meaning word NLProc awesome NLP conference Looking forward ACL summer JohnDoe present Transformers,Tokenization crucial step natural language processing Different tokenization method include whitespace punctuationbased Treebank Tweet MWE NLTK library provides useful tool text processing task Stemming reduces word base form eg running becomes run Porter stemmer snowball stemmer popular stemming algorithm Lemmatization hand considers context meaning word NLProc awesome NLP conference Looking forward ACL summer JohnDoe present Transformers,0.12309149097933272
Tokenization crucial step natural language processing Different tokenization method include whitespace punctuationbased Treebank Tweet MWE NLTK library provides useful tool text processing task Stemming reduces word base form eg running becomes run Porter stemmer snowball stemmer popular stemming algorithm Lemmatization hand considers context meaning word NLProc awesome NLP conference Looking forward ACL summer JohnDoe present Transformers,Tokenization crucial step natural language processing Different tokenization method include whitespace punctuationbased Treebank Tweet MWE NLTK library provides useful tool text processing task Stemming reduces word base form eg running becomes run Porter stemmer snowball stemmer popular stemming algorithm Lemmatization hand considers context meaning word NLProc awesome NLP conference Looking forward ACL summer JohnDoe present Transformers,Tokenization crucial step natural language processing Different tokenization method include whitespace punctuationbased Treebank Tweet MWE NLTK library provides useful tool text processing task Stemming reduces word base form eg running becomes run Porter stemmer snowball stemmer popular stemming algorithm Lemmatization hand considers context meaning word NLProc awesome NLP conference Looking forward ACL summer JohnDoe present Transformers,0.12309149097933272
Tokenization crucial step natural language processing Different tokenization method include whitespace punctuationbased Treebank Tweet MWE NLTK library provides useful tool text processing task Stemming reduces word base form eg running becomes run Porter stemmer snowball stemmer popular stemming algorithm Lemmatization hand considers context meaning word NLProc awesome NLP conference Looking forward ACL summer JohnDoe present Transformers,Tokenization crucial step natural language processing Different tokenization method include whitespace punctuationbased Treebank Tweet MWE NLTK library provides useful tool text processing task Stemming reduces word base form eg running becomes run Porter stemmer snowball stemmer popular stemming algorithm Lemmatization hand considers context meaning word NLProc awesome NLP conference Looking forward ACL summer JohnDoe present Transformers,Tokenization crucial step natural language processing Different tokenization method include whitespace punctuationbased Treebank Tweet MWE NLTK library provides useful tool text processing task Stemming reduces word base form eg running becomes run Porter stemmer snowball stemmer popular stemming algorithm Lemmatization hand considers context meaning word NLProc awesome NLP conference Looking forward ACL summer JohnDoe present Transformers,0.12309149097933272
Tokenization crucial step natural language processing Different tokenization method include whitespace punctuationbased Treebank Tweet MWE NLTK library provides useful tool text processing task Stemming reduces word base form eg running becomes run Porter stemmer snowball stemmer popular stemming algorithm Lemmatization hand considers context meaning word NLProc awesome NLP conference Looking forward ACL summer JohnDoe present Transformers,Tokenization crucial step natural language processing Different tokenization method include whitespace punctuationbased Treebank Tweet MWE NLTK library provides useful tool text processing task Stemming reduces word base form eg running becomes run Porter stemmer snowball stemmer popular stemming algorithm Lemmatization hand considers context meaning word NLProc awesome NLP conference Looking forward ACL summer JohnDoe present Transformers,Tokenization crucial step natural language processing Different tokenization method include whitespace punctuationbased Treebank Tweet MWE NLTK library provides useful tool text processing task Stemming reduces word base form eg running becomes run Porter stemmer snowball stemmer popular stemming algorithm Lemmatization hand considers context meaning word NLProc awesome NLP conference Looking forward ACL summer JohnDoe present Transformers,0.12309149097933272
Tokenization crucial step natural language processing Different tokenization method include whitespace punctuationbased Treebank Tweet MWE NLTK library provides useful tool text processing task Stemming reduces word base form eg running becomes run Porter stemmer snowball stemmer popular stemming algorithm Lemmatization hand considers context meaning word NLProc awesome NLP conference Looking forward ACL summer JohnDoe present Transformers,Tokenization crucial step natural language processing Different tokenization method include whitespace punctuationbased Treebank Tweet MWE NLTK library provides useful tool text processing task Stemming reduces word base form eg running becomes run Porter stemmer snowball stemmer popular stemming algorithm Lemmatization hand considers context meaning word NLProc awesome NLP conference Looking forward ACL summer JohnDoe present Transformers,Tokenization crucial step natural language processing Different tokenization method include whitespace punctuationbased Treebank Tweet MWE NLTK library provides useful tool text processing task Stemming reduces word base form eg running becomes run Porter stemmer snowball stemmer popular stemming algorithm Lemmatization hand considers context meaning word NLProc awesome NLP conference Looking forward ACL summer JohnDoe present Transformers,0.24618298195866545
Tokenization crucial step natural language processing Different tokenization method include whitespace punctuationbased Treebank Tweet MWE NLTK library provides useful tool text processing task Stemming reduces word base form eg running becomes run Porter stemmer snowball stemmer popular stemming algorithm Lemmatization hand considers context meaning word NLProc awesome NLP conference Looking forward ACL summer JohnDoe present Transformers,Tokenization crucial step natural language processing Different tokenization method include whitespace punctuationbased Treebank Tweet MWE NLTK library provides useful tool text processing task Stemming reduces word base form eg running becomes run Porter stemmer snowball stemmer popular stemming algorithm Lemmatization hand considers context meaning word NLProc awesome NLP conference Looking forward ACL summer JohnDoe present Transformers,Tokenization crucial step natural language processing Different tokenization method include whitespace punctuationbased Treebank Tweet MWE NLTK library provides useful tool text processing task Stemming reduces word base form eg running becomes run Porter stemmer snowball stemmer popular stemming algorithm Lemmatization hand considers context meaning word NLProc awesome NLP conference Looking forward ACL summer JohnDoe present Transformers,0.12309149097933272
Tokenization crucial step natural language processing Different tokenization method include whitespace punctuationbased Treebank Tweet MWE NLTK library provides useful tool text processing task Stemming reduces word base form eg running becomes run Porter stemmer snowball stemmer popular stemming algorithm Lemmatization hand considers context meaning word NLProc awesome NLP conference Looking forward ACL summer JohnDoe present Transformers,Tokenization crucial step natural language processing Different tokenization method include whitespace punctuationbased Treebank Tweet MWE NLTK library provides useful tool text processing task Stemming reduces word base form eg running becomes run Porter stemmer snowball stemmer popular stemming algorithm Lemmatization hand considers context meaning word NLProc awesome NLP conference Looking forward ACL summer JohnDoe present Transformers,Tokenization crucial step natural language processing Different tokenization method include whitespace punctuationbased Treebank Tweet MWE NLTK library provides useful tool text processing task Stemming reduces word base form eg running becomes run Porter stemmer snowball stemmer popular stemming algorithm Lemmatization hand considers context meaning word NLProc awesome NLP conference Looking forward ACL summer JohnDoe present Transformers,0.12309149097933272
Tokenization crucial step natural language processing Different tokenization method include whitespace punctuationbased Treebank Tweet MWE NLTK library provides useful tool text processing task Stemming reduces word base form eg running becomes run Porter stemmer snowball stemmer popular stemming algorithm Lemmatization hand considers context meaning word NLProc awesome NLP conference Looking forward ACL summer JohnDoe present Transformers,Tokenization crucial step natural language processing Different tokenization method include whitespace punctuationbased Treebank Tweet MWE NLTK library provides useful tool text processing task Stemming reduces word base form eg running becomes run Porter stemmer snowball stemmer popular stemming algorithm Lemmatization hand considers context meaning word NLProc awesome NLP conference Looking forward ACL summer JohnDoe present Transformers,Tokenization crucial step natural language processing Different tokenization method include whitespace punctuationbased Treebank Tweet MWE NLTK library provides useful tool text processing task Stemming reduces word base form eg running becomes run Porter stemmer snowball stemmer popular stemming algorithm Lemmatization hand considers context meaning word NLProc awesome NLP conference Looking forward ACL summer JohnDoe present Transformers,0.12309149097933272
Tokenization crucial step natural language processing Different tokenization method include whitespace punctuationbased Treebank Tweet MWE NLTK library provides useful tool text processing task Stemming reduces word base form eg running becomes run Porter stemmer snowball stemmer popular stemming algorithm Lemmatization hand considers context meaning word NLProc awesome NLP conference Looking forward ACL summer JohnDoe present Transformers,Tokenization crucial step natural language processing Different tokenization method include whitespace punctuationbased Treebank Tweet MWE NLTK library provides useful tool text processing task Stemming reduces word base form eg running becomes run Porter stemmer snowball stemmer popular stemming algorithm Lemmatization hand considers context meaning word NLProc awesome NLP conference Looking forward ACL summer JohnDoe present Transformers,Tokenization crucial step natural language processing Different tokenization method include whitespace punctuationbased Treebank Tweet MWE NLTK library provides useful tool text processing task Stemming reduces word base form eg running becomes run Porter stemmer snowball stemmer popular stemming algorithm Lemmatization hand considers context meaning word NLProc awesome NLP conference Looking forward ACL summer JohnDoe present Transformers,0.12309149097933272
Tokenization crucial step natural language processing Different tokenization method include whitespace punctuationbased Treebank Tweet MWE NLTK library provides useful tool text processing task Stemming reduces word base form eg running becomes run Porter stemmer snowball stemmer popular stemming algorithm Lemmatization hand considers context meaning word NLProc awesome NLP conference Looking forward ACL summer JohnDoe present Transformers,Tokenization crucial step natural language processing Different tokenization method include whitespace punctuationbased Treebank Tweet MWE NLTK library provides useful tool text processing task Stemming reduces word base form eg running becomes run Porter stemmer snowball stemmer popular stemming algorithm Lemmatization hand considers context meaning word NLProc awesome NLP conference Looking forward ACL summer JohnDoe present Transformers,Tokenization crucial step natural language processing Different tokenization method include whitespace punctuationbased Treebank Tweet MWE NLTK library provides useful tool text processing task Stemming reduces word base form eg running becomes run Porter stemmer snowball stemmer popular stemming algorithm Lemmatization hand considers context meaning word NLProc awesome NLP conference Looking forward ACL summer JohnDoe present Transformers,0.12309149097933272
Tokenization crucial step natural language processing Different tokenization method include whitespace punctuationbased Treebank Tweet MWE NLTK library provides useful tool text processing task Stemming reduces word base form eg running becomes run Porter stemmer snowball stemmer popular stemming algorithm Lemmatization hand considers context meaning word NLProc awesome NLP conference Looking forward ACL summer JohnDoe present Transformers,Tokenization crucial step natural language processing Different tokenization method include whitespace punctuationbased Treebank Tweet MWE NLTK library provides useful tool text processing task Stemming reduces word base form eg running becomes run Porter stemmer snowball stemmer popular stemming algorithm Lemmatization hand considers context meaning word NLProc awesome NLP conference Looking forward ACL summer JohnDoe present Transformers,Tokenization crucial step natural language processing Different tokenization method include whitespace punctuationbased Treebank Tweet MWE NLTK library provides useful tool text processing task Stemming reduces word base form eg running becomes run Porter stemmer snowball stemmer popular stemming algorithm Lemmatization hand considers context meaning word NLProc awesome NLP conference Looking forward ACL summer JohnDoe present Transformers,0.12309149097933272
Tokenization crucial step natural language processing Different tokenization method include whitespace punctuationbased Treebank Tweet MWE NLTK library provides useful tool text processing task Stemming reduces word base form eg running becomes run Porter stemmer snowball stemmer popular stemming algorithm Lemmatization hand considers context meaning word NLProc awesome NLP conference Looking forward ACL summer JohnDoe present Transformers,Tokenization crucial step natural language processing Different tokenization method include whitespace punctuationbased Treebank Tweet MWE NLTK library provides useful tool text processing task Stemming reduces word base form eg running becomes run Porter stemmer snowball stemmer popular stemming algorithm Lemmatization hand considers context meaning word NLProc awesome NLP conference Looking forward ACL summer JohnDoe present Transformers,Tokenization crucial step natural language processing Different tokenization method include whitespace punctuationbased Treebank Tweet MWE NLTK library provides useful tool text processing task Stemming reduces word base form eg running becomes run Porter stemmer snowball stemmer popular stemming algorithm Lemmatization hand considers context meaning word NLProc awesome NLP conference Looking forward ACL summer JohnDoe present Transformers,0.24618298195866545
Tokenization crucial step natural language processing Different tokenization method include whitespace punctuationbased Treebank Tweet MWE NLTK library provides useful tool text processing task Stemming reduces word base form eg running becomes run Porter stemmer snowball stemmer popular stemming algorithm Lemmatization hand considers context meaning word NLProc awesome NLP conference Looking forward ACL summer JohnDoe present Transformers,Tokenization crucial step natural language processing Different tokenization method include whitespace punctuationbased Treebank Tweet MWE NLTK library provides useful tool text processing task Stemming reduces word base form eg running becomes run Porter stemmer snowball stemmer popular stemming algorithm Lemmatization hand considers context meaning word NLProc awesome NLP conference Looking forward ACL summer JohnDoe present Transformers,Tokenization crucial step natural language processing Different tokenization method include whitespace punctuationbased Treebank Tweet MWE NLTK library provides useful tool text processing task Stemming reduces word base form eg running becomes run Porter stemmer snowball stemmer popular stemming algorithm Lemmatization hand considers context meaning word NLProc awesome NLP conference Looking forward ACL summer JohnDoe present Transformers,0.24618298195866545
Tokenization crucial step natural language processing Different tokenization method include whitespace punctuationbased Treebank Tweet MWE NLTK library provides useful tool text processing task Stemming reduces word base form eg running becomes run Porter stemmer snowball stemmer popular stemming algorithm Lemmatization hand considers context meaning word NLProc awesome NLP conference Looking forward ACL summer JohnDoe present Transformers,Tokenization crucial step natural language processing Different tokenization method include whitespace punctuationbased Treebank Tweet MWE NLTK library provides useful tool text processing task Stemming reduces word base form eg running becomes run Porter stemmer snowball stemmer popular stemming algorithm Lemmatization hand considers context meaning word NLProc awesome NLP conference Looking forward ACL summer JohnDoe present Transformers,Tokenization crucial step natural language processing Different tokenization method include whitespace punctuationbased Treebank Tweet MWE NLTK library provides useful tool text processing task Stemming reduces word base form eg running becomes run Porter stemmer snowball stemmer popular stemming algorithm Lemmatization hand considers context meaning word NLProc awesome NLP conference Looking forward ACL summer JohnDoe present Transformers,0.12309149097933272
Tokenization crucial step natural language processing Different tokenization method include whitespace punctuationbased Treebank Tweet MWE NLTK library provides useful tool text processing task Stemming reduces word base form eg running becomes run Porter stemmer snowball stemmer popular stemming algorithm Lemmatization hand considers context meaning word NLProc awesome NLP conference Looking forward ACL summer JohnDoe present Transformers,Tokenization crucial step natural language processing Different tokenization method include whitespace punctuationbased Treebank Tweet MWE NLTK library provides useful tool text processing task Stemming reduces word base form eg running becomes run Porter stemmer snowball stemmer popular stemming algorithm Lemmatization hand considers context meaning word NLProc awesome NLP conference Looking forward ACL summer JohnDoe present Transformers,Tokenization crucial step natural language processing Different tokenization method include whitespace punctuationbased Treebank Tweet MWE NLTK library provides useful tool text processing task Stemming reduces word base form eg running becomes run Porter stemmer snowball stemmer popular stemming algorithm Lemmatization hand considers context meaning word NLProc awesome NLP conference Looking forward ACL summer JohnDoe present Transformers,0.12309149097933272
Tokenization crucial step natural language processing Different tokenization method include whitespace punctuationbased Treebank Tweet MWE NLTK library provides useful tool text processing task Stemming reduces word base form eg running becomes run Porter stemmer snowball stemmer popular stemming algorithm Lemmatization hand considers context meaning word NLProc awesome NLP conference Looking forward ACL summer JohnDoe present Transformers,Tokenization crucial step natural language processing Different tokenization method include whitespace punctuationbased Treebank Tweet MWE NLTK library provides useful tool text processing task Stemming reduces word base form eg running becomes run Porter stemmer snowball stemmer popular stemming algorithm Lemmatization hand considers context meaning word NLProc awesome NLP conference Looking forward ACL summer JohnDoe present Transformers,Tokenization crucial step natural language processing Different tokenization method include whitespace punctuationbased Treebank Tweet MWE NLTK library provides useful tool text processing task Stemming reduces word base form eg running becomes run Porter stemmer snowball stemmer popular stemming algorithm Lemmatization hand considers context meaning word NLProc awesome NLP conference Looking forward ACL summer JohnDoe present Transformers,0.12309149097933272
Tokenization crucial step natural language processing Different tokenization method include whitespace punctuationbased Treebank Tweet MWE NLTK library provides useful tool text processing task Stemming reduces word base form eg running becomes run Porter stemmer snowball stemmer popular stemming algorithm Lemmatization hand considers context meaning word NLProc awesome NLP conference Looking forward ACL summer JohnDoe present Transformers,Tokenization crucial step natural language processing Different tokenization method include whitespace punctuationbased Treebank Tweet MWE NLTK library provides useful tool text processing task Stemming reduces word base form eg running becomes run Porter stemmer snowball stemmer popular stemming algorithm Lemmatization hand considers context meaning word NLProc awesome NLP conference Looking forward ACL summer JohnDoe present Transformers,Tokenization crucial step natural language processing Different tokenization method include whitespace punctuationbased Treebank Tweet MWE NLTK library provides useful tool text processing task Stemming reduces word base form eg running becomes run Porter stemmer snowball stemmer popular stemming algorithm Lemmatization hand considers context meaning word NLProc awesome NLP conference Looking forward ACL summer JohnDoe present Transformers,0.12309149097933272
Tokenization crucial step natural language processing Different tokenization method include whitespace punctuationbased Treebank Tweet MWE NLTK library provides useful tool text processing task Stemming reduces word base form eg running becomes run Porter stemmer snowball stemmer popular stemming algorithm Lemmatization hand considers context meaning word NLProc awesome NLP conference Looking forward ACL summer JohnDoe present Transformers,Tokenization crucial step natural language processing Different tokenization method include whitespace punctuationbased Treebank Tweet MWE NLTK library provides useful tool text processing task Stemming reduces word base form eg running becomes run Porter stemmer snowball stemmer popular stemming algorithm Lemmatization hand considers context meaning word NLProc awesome NLP conference Looking forward ACL summer JohnDoe present Transformers,Tokenization crucial step natural language processing Different tokenization method include whitespace punctuationbased Treebank Tweet MWE NLTK library provides useful tool text processing task Stemming reduces word base form eg running becomes run Porter stemmer snowball stemmer popular stemming algorithm Lemmatization hand considers context meaning word NLProc awesome NLP conference Looking forward ACL summer JohnDoe present Transformers,0.24618298195866545
Tokenization crucial step natural language processing Different tokenization method include whitespace punctuationbased Treebank Tweet MWE NLTK library provides useful tool text processing task Stemming reduces word base form eg running becomes run Porter stemmer snowball stemmer popular stemming algorithm Lemmatization hand considers context meaning word NLProc awesome NLP conference Looking forward ACL summer JohnDoe present Transformers,Tokenization crucial step natural language processing Different tokenization method include whitespace punctuationbased Treebank Tweet MWE NLTK library provides useful tool text processing task Stemming reduces word base form eg running becomes run Porter stemmer snowball stemmer popular stemming algorithm Lemmatization hand considers context meaning word NLProc awesome NLP conference Looking forward ACL summer JohnDoe present Transformers,Tokenization crucial step natural language processing Different tokenization method include whitespace punctuationbased Treebank Tweet MWE NLTK library provides useful tool text processing task Stemming reduces word base form eg running becomes run Porter stemmer snowball stemmer popular stemming algorithm Lemmatization hand considers context meaning word NLProc awesome NLP conference Looking forward ACL summer JohnDoe present Transformers,0.12309149097933272
Tokenization crucial step natural language processing Different tokenization method include whitespace punctuationbased Treebank Tweet MWE NLTK library provides useful tool text processing task Stemming reduces word base form eg running becomes run Porter stemmer snowball stemmer popular stemming algorithm Lemmatization hand considers context meaning word NLProc awesome NLP conference Looking forward ACL summer JohnDoe present Transformers,Tokenization crucial step natural language processing Different tokenization method include whitespace punctuationbased Treebank Tweet MWE NLTK library provides useful tool text processing task Stemming reduces word base form eg running becomes run Porter stemmer snowball stemmer popular stemming algorithm Lemmatization hand considers context meaning word NLProc awesome NLP conference Looking forward ACL summer JohnDoe present Transformers,Tokenization crucial step natural language processing Different tokenization method include whitespace punctuationbased Treebank Tweet MWE NLTK library provides useful tool text processing task Stemming reduces word base form eg running becomes run Porter stemmer snowball stemmer popular stemming algorithm Lemmatization hand considers context meaning word NLProc awesome NLP conference Looking forward ACL summer JohnDoe present Transformers,0.12309149097933272
Tokenization crucial step natural language processing Different tokenization method include whitespace punctuationbased Treebank Tweet MWE NLTK library provides useful tool text processing task Stemming reduces word base form eg running becomes run Porter stemmer snowball stemmer popular stemming algorithm Lemmatization hand considers context meaning word NLProc awesome NLP conference Looking forward ACL summer JohnDoe present Transformers,Tokenization crucial step natural language processing Different tokenization method include whitespace punctuationbased Treebank Tweet MWE NLTK library provides useful tool text processing task Stemming reduces word base form eg running becomes run Porter stemmer snowball stemmer popular stemming algorithm Lemmatization hand considers context meaning word NLProc awesome NLP conference Looking forward ACL summer JohnDoe present Transformers,Tokenization crucial step natural language processing Different tokenization method include whitespace punctuationbased Treebank Tweet MWE NLTK library provides useful tool text processing task Stemming reduces word base form eg running becomes run Porter stemmer snowball stemmer popular stemming algorithm Lemmatization hand considers context meaning word NLProc awesome NLP conference Looking forward ACL summer JohnDoe present Transformers,0.12309149097933272
Tokenization crucial step natural language processing Different tokenization method include whitespace punctuationbased Treebank Tweet MWE NLTK library provides useful tool text processing task Stemming reduces word base form eg running becomes run Porter stemmer snowball stemmer popular stemming algorithm Lemmatization hand considers context meaning word NLProc awesome NLP conference Looking forward ACL summer JohnDoe present Transformers,Tokenization crucial step natural language processing Different tokenization method include whitespace punctuationbased Treebank Tweet MWE NLTK library provides useful tool text processing task Stemming reduces word base form eg running becomes run Porter stemmer snowball stemmer popular stemming algorithm Lemmatization hand considers context meaning word NLProc awesome NLP conference Looking forward ACL summer JohnDoe present Transformers,Tokenization crucial step natural language processing Different tokenization method include whitespace punctuationbased Treebank Tweet MWE NLTK library provides useful tool text processing task Stemming reduces word base form eg running becomes run Porter stemmer snowball stemmer popular stemming algorithm Lemmatization hand considers context meaning word NLProc awesome NLP conference Looking forward ACL summer JohnDoe present Transformers,0.12309149097933272
Tokenization crucial step natural language processing Different tokenization method include whitespace punctuationbased Treebank Tweet MWE NLTK library provides useful tool text processing task Stemming reduces word base form eg running becomes run Porter stemmer snowball stemmer popular stemming algorithm Lemmatization hand considers context meaning word NLProc awesome NLP conference Looking forward ACL summer JohnDoe present Transformers,Tokenization crucial step natural language processing Different tokenization method include whitespace punctuationbased Treebank Tweet MWE NLTK library provides useful tool text processing task Stemming reduces word base form eg running becomes run Porter stemmer snowball stemmer popular stemming algorithm Lemmatization hand considers context meaning word NLProc awesome NLP conference Looking forward ACL summer JohnDoe present Transformers,Tokenization crucial step natural language processing Different tokenization method include whitespace punctuationbased Treebank Tweet MWE NLTK library provides useful tool text processing task Stemming reduces word base form eg running becomes run Porter stemmer snowball stemmer popular stemming algorithm Lemmatization hand considers context meaning word NLProc awesome NLP conference Looking forward ACL summer JohnDoe present Transformers,0.12309149097933272
Tokenization crucial step natural language processing Different tokenization method include whitespace punctuationbased Treebank Tweet MWE NLTK library provides useful tool text processing task Stemming reduces word base form eg running becomes run Porter stemmer snowball stemmer popular stemming algorithm Lemmatization hand considers context meaning word NLProc awesome NLP conference Looking forward ACL summer JohnDoe present Transformers,Tokenization crucial step natural language processing Different tokenization method include whitespace punctuationbased Treebank Tweet MWE NLTK library provides useful tool text processing task Stemming reduces word base form eg running becomes run Porter stemmer snowball stemmer popular stemming algorithm Lemmatization hand considers context meaning word NLProc awesome NLP conference Looking forward ACL summer JohnDoe present Transformers,Tokenization crucial step natural language processing Different tokenization method include whitespace punctuationbased Treebank Tweet MWE NLTK library provides useful tool text processing task Stemming reduces word base form eg running becomes run Porter stemmer snowball stemmer popular stemming algorithm Lemmatization hand considers context meaning word NLProc awesome NLP conference Looking forward ACL summer JohnDoe present Transformers,0.12309149097933272
Tokenization crucial step natural language processing Different tokenization method include whitespace punctuationbased Treebank Tweet MWE NLTK library provides useful tool text processing task Stemming reduces word base form eg running becomes run Porter stemmer snowball stemmer popular stemming algorithm Lemmatization hand considers context meaning word NLProc awesome NLP conference Looking forward ACL summer JohnDoe present Transformers,Tokenization crucial step natural language processing Different tokenization method include whitespace punctuationbased Treebank Tweet MWE NLTK library provides useful tool text processing task Stemming reduces word base form eg running becomes run Porter stemmer snowball stemmer popular stemming algorithm Lemmatization hand considers context meaning word NLProc awesome NLP conference Looking forward ACL summer JohnDoe present Transformers,Tokenization crucial step natural language processing Different tokenization method include whitespace punctuationbased Treebank Tweet MWE NLTK library provides useful tool text processing task Stemming reduces word base form eg running becomes run Porter stemmer snowball stemmer popular stemming algorithm Lemmatization hand considers context meaning word NLProc awesome NLP conference Looking forward ACL summer JohnDoe present Transformers,0.24618298195866545
